{"cameraMode":{"drawMode":0,"name":"Shaded","section":"Shading Mode"},"sceneLighting":true,"audioPlay":false,"sceneViewState":{"m_AlwaysRefresh":false,"showFog":true,"showSkybox":false,"showFlares":true,"showImageEffects":true,"showParticleSystems":true,"showVisualEffectGraphs":true,"m_FxEnabled":true},"in2DMode":false,"pivot":{"x":-48.70808029174805,"y":-54.690216064453128,"z":24.752981185913087},"rotation":{"x":0.26651403307914736,"y":-0.45917364954948428,"z":0.14701536297798158,"w":0.8344810605049133},"size":54.044212341308597,"orthographic":false}