{"cameraMode":{"drawMode":0,"name":"Shaded","section":"Shading Mode"},"sceneLighting":false,"audioPlay":false,"sceneViewState":{"m_AlwaysRefresh":false,"showFog":true,"showSkybox":false,"showFlares":true,"showImageEffects":true,"showParticleSystems":true,"showVisualEffectGraphs":true,"m_FxEnabled":true},"in2DMode":false,"pivot":{"x":22.3199520111084,"y":0.8667935729026794,"z":17.899999618530275},"rotation":{"x":-0.005046510603278875,"y":-0.9932197332382202,"z":0.10648643970489502,"w":-0.045994795858860019},"size":1.5223077535629273,"orthographic":false}